{"cameraMode":{"drawMode":0,"name":"Shaded","section":"Shading Mode"},"sceneLighting":true,"audioPlay":false,"sceneViewState":{"m_AlwaysRefresh":false,"showFog":true,"showSkybox":true,"showFlares":true,"showImageEffects":true,"showParticleSystems":true,"showVisualEffectGraphs":true,"m_FxEnabled":true},"in2DMode":false,"pivot":{"x":-0.24257761240005494,"y":1.8149569034576417,"z":0.00029718875885009766},"rotation":{"x":-0.07265348732471466,"y":0.07144112139940262,"z":-0.0052114855498075489,"w":-0.994818925857544},"size":1.806678056716919,"orthographic":false}