{"cameraMode":{"drawMode":0,"name":"Shaded","section":"Shading Mode"},"sceneLighting":true,"audioPlay":false,"sceneViewState":{"m_AlwaysRefresh":false,"showFog":true,"showSkybox":true,"showFlares":true,"showImageEffects":true,"showParticleSystems":true,"showVisualEffectGraphs":true,"m_FxEnabled":true},"in2DMode":false,"pivot":{"x":0.38347017765045168,"y":0.5143240094184876,"z":0.7891197204589844},"rotation":{"x":-0.18959090113639832,"y":-0.02592107467353344,"z":0.0050046020187437538,"w":-0.9815241694450378},"size":2.9338788986206056,"orthographic":false}